Client Name,Slug,Collection ID,Locale ID,Item ID,Archived,Draft,Created On,Updated On,Published On,Sort Order,Logo
Aktarr,aktarr,67a4b8b3f8f4923e49908475,6765aea29edd9107ae8e0af2,67a4b8d660aec3c10d5546a3,false,false,Thu Feb 06 2025 13:27:50 GMT+0000 (Coordinated Universal Time),Thu Jun 19 2025 19:44:28 GMT+0000 (Coordinated Universal Time),Thu Jun 19 2025 19:47:52 GMT+0000 (Coordinated Universal Time),9,https://cdn.prod.website-files.com/6765aea29edd9107ae8e0b01/67a4b8c7874f80b4dd63c115_aktarr-logo.svg
Digital Tolk,digital-tolk,67a4b8b3f8f4923e49908475,6765aea29edd9107ae8e0af2,67a4b8eb8b435e918d35b527,false,false,Thu Feb 06 2025 13:28:11 GMT+0000 (Coordinated Universal Time),Thu Jun 19 2025 19:41:50 GMT+0000 (Coordinated Universal Time),Thu Jun 19 2025 19:42:53 GMT+0000 (Coordinated Universal Time),8,https://cdn.prod.website-files.com/6765aea29edd9107ae8e0b01/67a4b8e00fafae0f6d7b81ac_DT_Logo.svg
Dose of Venture,dose-of-venture,67a4b8b3f8f4923e49908475,6765aea29edd9107ae8e0af2,67ed49d2b49a1c8f73fa7d85,false,false,Wed Apr 02 2025 14:29:38 GMT+0000 (Coordinated Universal Time),Thu Jun 19 2025 19:41:09 GMT+0000 (Coordinated Universal Time),Thu Jun 19 2025 19:42:53 GMT+0000 (Coordinated Universal Time),2,https://cdn.prod.website-files.com/6765aea29edd9107ae8e0b01/67ed49cf5f8cf691300971e6_YELLOW-01-2.avif
Lever Brands,lever-brands,67a4b8b3f8f4923e49908475,6765aea29edd9107ae8e0af2,67a4c2b37ce1c20ef85e0cd6,false,false,Thu Feb 06 2025 14:09:55 GMT+0000 (Coordinated Universal Time),Thu Jun 19 2025 19:41:17 GMT+0000 (Coordinated Universal Time),Thu Jun 19 2025 19:42:53 GMT+0000 (Coordinated Universal Time),1,https://cdn.prod.website-files.com/6765aea29edd9107ae8e0b01/67a4c2ad162a8dd039096cec_lever-logo.svg
Pale Blue Dot,pale-blue-dot,67a4b8b3f8f4923e49908475,6765aea29edd9107ae8e0af2,6839c79c3033401a3433cd68,false,false,Fri May 30 2025 14:58:36 GMT+0000 (Coordinated Universal Time),Thu Jun 19 2025 19:41:04 GMT+0000 (Coordinated Universal Time),Thu Jun 19 2025 19:42:53 GMT+0000 (Coordinated Universal Time),4,https://cdn.prod.website-files.com/6765aea29edd9107ae8e0b01/6839c811b29e2dfdabffac77_PBD%20logo.avif
Pulpe Sense,pulpe-sense,67a4b8b3f8f4923e49908475,6765aea29edd9107ae8e0af2,67fce234ba0fb9f695e11868,false,false,Mon Apr 14 2025 10:23:48 GMT+0000 (Coordinated Universal Time),Thu Jun 19 2025 19:41:40 GMT+0000 (Coordinated Universal Time),Thu Jun 19 2025 19:42:53 GMT+0000 (Coordinated Universal Time),7,https://cdn.prod.website-files.com/6765aea29edd9107ae8e0b01/67fce2032492961dd21e4a6a_Pulp-Sense-Logo-_1_-p-500.avif
Secret Leaders,secret-leaders,67a4b8b3f8f4923e49908475,6765aea29edd9107ae8e0af2,67a4bafa9d72a5e5a0498eac,false,false,Thu Feb 06 2025 13:36:58 GMT+0000 (Coordinated Universal Time),Thu Jun 19 2025 19:41:22 GMT+0000 (Coordinated Universal Time),Thu Jun 19 2025 19:42:53 GMT+0000 (Coordinated Universal Time),5,https://cdn.prod.website-files.com/6765aea29edd9107ae8e0b01/67a4b901c280b2f7b2f50a57_Copy%2Bof%2BCopy%2Bof%2Buk%27s%2Bstartup%2Bpodcast%2B(4).avif
Studio Circa,studio-circa,67a4b8b3f8f4923e49908475,6765aea29edd9107ae8e0af2,67ec4a3ab8f521f079a665ba,true,false,Tue Apr 01 2025 20:19:06 GMT+0000 (Coordinated Universal Time),Thu Jun 19 2025 19:38:47 GMT+0000 (Coordinated Universal Time),,,https://cdn.prod.website-files.com/6765aea29edd9107ae8e0b01/67ec4a34d7fd97bcc3e40e9c_sc-logo.svg
Superseed,superseed,67a4b8b3f8f4923e49908475,6765aea29edd9107ae8e0af2,6854670248e5d79979ed4276,false,false,Thu Jun 19 2025 19:37:38 GMT+0000 (Coordinated Universal Time),Thu Jun 19 2025 19:40:59 GMT+0000 (Coordinated Universal Time),Thu Jun 19 2025 19:42:53 GMT+0000 (Coordinated Universal Time),3,https://cdn.prod.website-files.com/6765aea29edd9107ae8e0b01/6854670fdb85dc8f1030ce75_superseed-logo-white.svg
The Offsite Co,the-offsite-co,67a4b8b3f8f4923e49908475,6765aea29edd9107ae8e0af2,685468759bc82ec49369e85f,false,false,Thu Jun 19 2025 19:43:49 GMT+0000 (Coordinated Universal Time),Thu Jun 19 2025 19:44:08 GMT+0000 (Coordinated Universal Time),Thu Jun 19 2025 19:47:52 GMT+0000 (Coordinated Universal Time),6,https://cdn.prod.website-files.com/6765aea29edd9107ae8e0b01/6854687cc09131b64f00c96b_TheOffsite_Logo_Light_Red.png
